Day,Conditions,mask_infected,maskless_infected,total_infected,cumulative_infected_list,dead_masked_people,dead_maskless_people,total_dead,vaccinations
1,No measures,0,9,9,10,0,0,0,0
2,No measures,0,16,16,17,0,0,0,0
3,No measures,0,28,28,30,0,0,0,0
4,No measures,0,49,49,55,0,0,0,0
5,No measures,0,86,86,93,0,0,0,0
6,No measures,0,147,147,155,0,0,0,0
7,No measures,0,248,248,264,0,1,1,0
8,No measures,0,402,402,425,0,2,2,0
9,No measures,0,678,678,713,0,3,3,0
10,No measures,0,1136,1136,1195,0,5,5,0
11,No measures,0,1843,1843,1936,0,9,9,0
12,No measures,0,2889,2889,3043,0,15,15,0
13,No measures,0,4325,4325,4564,0,23,23,0
14,No measures,0,5944,5944,6330,0,37,37,0
15,No measures,0,7418,7418,7969,0,53,53,0
16,No measures,0,8366,8366,9094,0,70,70,0
17,No measures,0,8733,8733,9668,0,89,89,0
18,No measures,0,8751,8751,9888,0,107,107,0
19,No measures,0,8617,8617,9970,0,124,124,0
20,No measures,0,8380,8380,9988,0,141,141,0
21,No measures,0,8114,8114,9994,0,155,155,0
22,No measures,0,7725,7725,10000,0,172,172,0
23,No measures,0,7230,7230,10000,0,185,185,0
24,No measures,0,6501,6501,10000,0,200,200,0
25,No measures,0,5549,5549,10000,0,210,210,0
26,No measures,0,4302,4302,10000,0,219,219,0
27,No measures,0,2877,2877,10000,0,225,225,0
28,No measures,0,1599,1599,10000,0,229,229,0
29,No measures,0,717,717,10000,0,230,230,0
30,No measures,0,259,259,10000,0,231,231,0
31,No measures,0,94,94,10000,0,231,231,0
32,No measures,0,24,24,10000,0,231,231,0
33,No measures,0,9,9,10000,0,231,231,0
34,No measures,0,4,4,10000,0,231,231,0
35,No measures,0,0,0,10000,0,231,231,0
36,No measures,0,0,0,10000,0,231,231,0
37,No measures,0,0,0,10000,0,231,231,0
38,No measures,0,0,0,10000,0,231,231,0
39,No measures,0,0,0,10000,0,231,231,0
40,No measures,0,0,0,10000,0,231,231,0
41,No measures,0,0,0,10000,0,231,231,0
42,No measures,0,0,0,10000,0,231,231,0
43,No measures,0,0,0,10000,0,231,231,0
44,No measures,0,0,0,10000,0,231,231,0
45,No measures,0,0,0,10000,0,231,231,0
46,No measures,0,0,0,10000,0,231,231,0
47,No measures,0,0,0,10000,0,231,231,0
48,No measures,0,0,0,10000,0,231,231,0
49,No measures,0,0,0,10000,0,231,231,0
50,No measures,0,0,0,10000,0,231,231,0
51,No measures,0,0,0,10000,0,231,231,0
52,No measures,0,0,0,10000,0,231,231,0
53,No measures,0,0,0,10000,0,231,231,0
54,No measures,0,0,0,10000,0,231,231,0
55,No measures,0,0,0,10000,0,231,231,0
56,No measures,0,0,0,10000,0,231,231,0
57,No measures,0,0,0,10000,0,231,231,0
58,No measures,0,0,0,10000,0,231,231,0
59,No measures,0,0,0,10000,0,231,231,0
60,No measures,0,0,0,10000,0,231,231,0
61,No measures,0,0,0,10000,0,231,231,0
62,No measures,0,0,0,10000,0,231,231,0
63,No measures,0,0,0,10000,0,231,231,0
64,No measures,0,0,0,10000,0,231,231,0
65,No measures,0,0,0,10000,0,231,231,0
66,No measures,0,0,0,10000,0,231,231,0
67,No measures,0,0,0,10000,0,231,231,0
68,No measures,0,0,0,10000,0,231,231,0
69,No measures,0,0,0,10000,0,231,231,0
70,No measures,0,0,0,10000,0,231,231,0
71,No measures,0,0,0,10000,0,231,231,0
72,No measures,0,0,0,10000,0,231,231,0
73,No measures,0,0,0,10000,0,231,231,0
74,No measures,0,0,0,10000,0,231,231,0
75,No measures,0,0,0,10000,0,231,231,0
76,No measures,0,0,0,10000,0,231,231,0
77,No measures,0,0,0,10000,0,231,231,0
78,No measures,0,0,0,10000,0,231,231,0
79,No measures,0,0,0,10000,0,231,231,0
80,No measures,0,0,0,10000,0,231,231,0
1,Dynamic Lockdown,0,10,10,10,0,0,0,0
2,Dynamic Lockdown,0,15,14,15,0,0,0,0
3,Dynamic Lockdown,0,25,22,25,0,0,0,0
4,Dynamic Lockdown,0,42,32,43,0,0,0,0
5,Dynamic Lockdown,1,69,53,72,0,0,0,0
6,Dynamic Lockdown,2,110,85,114,0,0,0,0
7,Dynamic Lockdown,2,180,132,188,0,0,0,0
8,Dynamic Lockdown,2,301,206,316,0,1,1,0
9,Dynamic Lockdown,3,493,337,521,0,2,2,0
10,Dynamic Lockdown,6,790,540,843,0,4,4,0
11,Dynamic Lockdown,13,1265,847,1351,0,7,7,0
12,Dynamic Lockdown,13,1237,1285,1351,0,10,10,0
13,Dynamic Lockdown,18,1943,1961,2098,0,13,13,0
14,Dynamic Lockdown,27,2897,1917,3121,0,18,18,0
15,Dynamic Lockdown,26,2841,2091,3121,0,23,23,0
16,Dynamic Lockdown,27,3004,2253,3348,0,29,29,0
17,Dynamic Lockdown,28,3175,2425,3590,0,34,34,0
18,Dynamic Lockdown,30,3316,2621,3820,0,41,41,0
19,Dynamic Lockdown,31,3470,2775,4067,0,46,46,0
20,Dynamic Lockdown,32,3561,2912,4307,0,55,55,0
21,Dynamic Lockdown,35,3575,2996,4505,0,63,63,0
22,Dynamic Lockdown,39,3562,3030,4728,0,70,70,0
23,Dynamic Lockdown,40,3433,3033,4908,0,77,77,0
24,Dynamic Lockdown,42,3172,2921,5115,0,83,83,0
25,Dynamic Lockdown,45,3287,2663,5309,0,91,91,0
26,Dynamic Lockdown,45,2795,2203,5449,0,97,97,0
27,Dynamic Lockdown,43,2103,2280,5591,0,101,101,0
28,Dynamic Lockdown,46,2181,2180,5712,0,105,105,0
29,Dynamic Lockdown,50,2070,2075,5830,0,111,111,0
30,Dynamic Lockdown,51,1935,1952,5919,0,115,115,0
31,Dynamic Lockdown,50,1774,1821,5968,0,118,118,0
32,Dynamic Lockdown,49,2005,1690,6437,1,123,124,0
33,Dynamic Lockdown,46,1784,1528,6437,1,127,128,0
34,Dynamic Lockdown,41,1629,1439,6462,1,130,131,0
35,Dynamic Lockdown,45,1756,1275,6813,1,135,136,0
36,Dynamic Lockdown,43,1906,1388,7140,1,138,139,0
37,Dynamic Lockdown,47,2009,1516,7438,1,143,144,0
38,Dynamic Lockdown,42,1815,1373,7438,1,147,148,0
39,Dynamic Lockdown,39,1687,1247,7455,1,151,152,0
40,Dynamic Lockdown,41,1778,1394,7698,1,155,156,0
41,Dynamic Lockdown,42,1856,1537,7906,2,159,161,0
42,Dynamic Lockdown,46,1939,1420,8124,2,164,166,0
43,Dynamic Lockdown,54,2013,1347,8317,2,168,170,0
44,Dynamic Lockdown,53,1939,1480,8317,2,171,173,0
45,Dynamic Lockdown,47,1553,1617,8320,2,174,176,0
46,Dynamic Lockdown,54,1663,1537,8468,2,177,179,0
47,Dynamic Lockdown,57,1720,1479,8580,2,181,183,0
48,Dynamic Lockdown,54,1557,1444,8709,2,184,186,0
49,Dynamic Lockdown,55,1380,1367,8806,2,187,189,0
50,Dynamic Lockdown,53,1211,1272,8887,2,189,191,0
51,Dynamic Lockdown,54,1233,1374,8939,2,192,194,0
52,Dynamic Lockdown,55,1254,1486,9001,2,195,197,0
53,Dynamic Lockdown,47,1095,1379,9043,3,197,200,0
54,Dynamic Lockdown,42,947,1272,9081,3,198,201,0
55,Dynamic Lockdown,35,782,1331,9099,3,200,203,0
56,Dynamic Lockdown,32,661,1359,9132,3,201,204,0
57,Dynamic Lockdown,34,669,1227,9156,3,202,205,0
58,Dynamic Lockdown,38,673,1077,9179,3,203,206,0
59,Dynamic Lockdown,32,575,1113,9203,3,205,208,0
60,Dynamic Lockdown,35,517,1114,9237,3,205,208,0
61,Dynamic Lockdown,30,430,1132,9250,3,207,210,0
62,Dynamic Lockdown,28,358,1018,9263,3,208,211,0
63,Dynamic Lockdown,24,295,904,9268,3,208,211,0
64,Dynamic Lockdown,23,263,809,9280,3,209,212,0
65,Dynamic Lockdown,23,223,724,9286,3,209,212,0
66,Dynamic Lockdown,21,191,627,9290,3,209,212,0
67,Dynamic Lockdown,21,171,547,9298,3,209,212,0
68,Dynamic Lockdown,20,159,486,9303,3,209,212,0
69,Dynamic Lockdown,17,136,446,9305,3,210,213,0
70,Dynamic Lockdown,16,122,385,9313,3,210,213,0
71,Dynamic Lockdown,12,108,340,9317,3,210,213,0
72,Dynamic Lockdown,9,96,297,9320,3,210,213,0
73,Dynamic Lockdown,6,72,263,9323,3,210,213,0
74,Dynamic Lockdown,7,63,226,9327,3,210,213,0
75,Dynamic Lockdown,6,55,196,9328,3,210,213,0
76,Dynamic Lockdown,6,51,160,9329,3,210,213,0
77,Dynamic Lockdown,7,41,141,9331,3,210,213,0
78,Dynamic Lockdown,7,38,114,9333,3,210,213,0
79,Dynamic Lockdown,7,34,96,9333,3,210,213,0
80,Dynamic Lockdown,8,28,77,9336,3,210,213,0
1,Only Mild Lockdown,1,9,9,10,0,0,0,0
2,Only Mild Lockdown,1,9,12,10,0,0,0,0
3,Only Mild Lockdown,1,8,17,10,0,0,0,0
4,Only Mild Lockdown,1,10,23,13,0,0,0,0
5,Only Mild Lockdown,1,11,36,14,0,0,0,0
6,Only Mild Lockdown,1,18,55,21,0,0,0,0
7,Only Mild Lockdown,1,18,80,23,0,0,0,0
8,Only Mild Lockdown,1,21,126,26,0,0,0,0
9,Only Mild Lockdown,1,25,188,33,0,0,0,0
10,Only Mild Lockdown,2,35,255,45,0,0,0,0
11,Only Mild Lockdown,2,43,365,53,0,0,0,0
12,Only Mild Lockdown,2,50,524,62,0,1,1,0
13,Only Mild Lockdown,3,84,761,97,0,1,1,0
14,Only Mild Lockdown,3,128,1055,149,0,1,1,0
15,Only Mild Lockdown,3,175,1406,198,0,1,1,0
16,Only Mild Lockdown,5,232,1863,264,0,2,2,0
17,Only Mild Lockdown,5,338,2401,378,0,2,2,0
18,Only Mild Lockdown,5,459,3011,503,0,3,3,0
19,Only Mild Lockdown,5,635,3612,694,0,4,4,0
20,Only Mild Lockdown,7,895,4214,974,0,5,5,0
21,Only Mild Lockdown,9,1209,4784,1318,0,8,8,0
22,Only Mild Lockdown,11,1601,5306,1747,0,11,11,0
23,Only Mild Lockdown,12,2118,5664,2320,0,15,15,0
24,Only Mild Lockdown,16,2681,5907,2944,0,20,20,0
25,Only Mild Lockdown,23,3286,6056,3618,0,26,26,0
26,Only Mild Lockdown,32,3841,6053,4289,0,33,33,0
27,Only Mild Lockdown,36,4378,5982,4964,0,42,42,0
28,Only Mild Lockdown,45,4824,5797,5553,0,52,52,0
29,Only Mild Lockdown,58,5168,5510,6061,0,62,62,0
30,Only Mild Lockdown,71,5430,5143,6537,0,73,73,0
31,Only Mild Lockdown,86,5664,4687,7017,0,85,85,0
32,Only Mild Lockdown,95,5740,4202,7376,0,98,98,0
33,Only Mild Lockdown,101,5695,3697,7676,0,109,109,0
34,Only Mild Lockdown,108,5584,3145,7948,0,120,120,0
35,Only Mild Lockdown,122,5362,2638,8163,1,130,131,0
36,Only Mild Lockdown,131,5003,2233,8345,1,140,141,0
37,Only Mild Lockdown,129,4567,1898,8498,1,151,152,0
38,Only Mild Lockdown,132,4093,1589,8629,1,158,159,0
39,Only Mild Lockdown,124,3611,1328,8733,1,166,167,0
40,Only Mild Lockdown,122,3122,1101,8841,1,172,173,0
41,Only Mild Lockdown,116,2674,919,8886,2,177,179,0
42,Only Mild Lockdown,105,2312,769,8945,2,180,182,0
43,Only Mild Lockdown,91,1971,628,8998,2,184,186,0
44,Only Mild Lockdown,83,1617,519,9030,2,187,189,0
45,Only Mild Lockdown,73,1333,433,9065,3,190,193,0
46,Only Mild Lockdown,67,1099,344,9086,3,192,195,0
47,Only Mild Lockdown,60,882,287,9097,4,194,198,0
48,Only Mild Lockdown,53,729,229,9114,4,195,199,0
49,Only Mild Lockdown,43,606,206,9132,4,196,200,0
50,Only Mild Lockdown,35,490,169,9138,4,197,201,0
51,Only Mild Lockdown,28,390,137,9147,4,198,202,0
52,Only Mild Lockdown,24,323,113,9157,4,199,203,0
53,Only Mild Lockdown,20,236,88,9159,4,199,203,0
54,Only Mild Lockdown,18,205,77,9162,4,199,203,0
55,Only Mild Lockdown,16,163,60,9166,4,200,204,0
56,Only Mild Lockdown,16,128,44,9169,4,200,204,0
57,Only Mild Lockdown,12,105,36,9170,4,200,204,0
58,Only Mild Lockdown,10,81,30,9174,4,200,204,0
59,Only Mild Lockdown,8,67,23,9177,4,201,205,0
60,Only Mild Lockdown,7,62,17,9180,4,201,205,0
61,Only Mild Lockdown,2,54,15,9181,4,201,205,0
62,Only Mild Lockdown,2,43,9,9183,4,201,205,0
63,Only Mild Lockdown,2,40,8,9184,4,201,205,0
64,Only Mild Lockdown,2,32,7,9185,4,201,205,0
65,Only Mild Lockdown,2,25,6,9186,4,201,205,0
66,Only Mild Lockdown,2,23,6,9187,4,201,205,0
67,Only Mild Lockdown,2,21,4,9188,4,201,205,0
68,Only Mild Lockdown,2,16,4,9188,4,201,205,0
69,Only Mild Lockdown,1,14,4,9188,4,201,205,0
70,Only Mild Lockdown,1,13,4,9188,4,201,205,0
71,Only Mild Lockdown,1,10,4,9188,4,201,205,0
72,Only Mild Lockdown,1,8,4,9189,4,201,205,0
73,Only Mild Lockdown,0,10,4,9192,4,201,205,0
74,Only Mild Lockdown,0,9,3,9192,4,201,205,0
75,Only Mild Lockdown,0,7,3,9192,4,201,205,0
76,Only Mild Lockdown,0,6,3,9192,4,201,205,0
77,Only Mild Lockdown,0,5,3,9192,4,201,205,0
78,Only Mild Lockdown,0,5,3,9192,4,201,205,0
79,Only Mild Lockdown,0,5,1,9192,4,201,205,0
80,Only Mild Lockdown,0,4,1,9192,4,201,205,0
1,75% Masked,6,3,9,10,0,0,0,0
2,75% Masked,6,4,10,11,0,0,0,0
3,75% Masked,6,4,10,11,0,0,0,0
4,75% Masked,6,4,10,11,0,0,0,0
5,75% Masked,6,4,10,11,0,0,0,0
6,75% Masked,6,4,10,11,0,0,0,0
7,75% Masked,6,4,10,11,0,0,0,0
8,75% Masked,6,4,10,12,0,0,0,0
9,75% Masked,6,4,10,12,0,0,0,0
10,75% Masked,5,5,10,13,0,0,0,0
11,75% Masked,5,4,9,13,0,0,0,0
12,75% Masked,5,4,9,13,0,0,0,0
13,75% Masked,5,5,10,14,0,0,0,0
14,75% Masked,0,5,5,16,0,0,0,0
15,75% Masked,0,6,6,18,0,0,0,0
16,75% Masked,0,7,7,19,0,0,0,0
17,75% Masked,0,7,7,20,0,0,0,0
18,75% Masked,0,10,10,23,0,0,0,0
19,75% Masked,0,10,10,24,0,0,0,0
20,75% Masked,1,11,12,26,0,0,0,0
21,75% Masked,2,13,15,29,0,0,0,0
22,75% Masked,2,14,16,30,0,0,0,0
23,75% Masked,3,16,19,35,0,0,0,0
24,75% Masked,4,21,25,41,0,0,0,0
25,75% Masked,6,27,33,50,0,0,0,0
26,75% Masked,6,29,35,54,0,0,0,0
27,75% Masked,7,29,36,58,0,0,0,0
28,75% Masked,8,33,41,64,0,0,0,0
29,75% Masked,9,43,52,76,0,0,0,0
30,75% Masked,11,53,64,88,0,0,0,0
31,75% Masked,13,61,74,100,0,0,0,0
32,75% Masked,19,71,90,118,0,0,0,0
33,75% Masked,21,88,109,139,0,0,0,0
34,75% Masked,24,95,119,159,0,1,1,0
35,75% Masked,27,106,133,177,0,1,1,0
36,75% Masked,32,116,148,200,0,2,2,0
37,75% Masked,35,129,164,221,0,2,2,0
38,75% Masked,40,149,189,258,0,2,2,0
39,75% Masked,55,170,225,302,0,2,2,0
40,75% Masked,60,193,253,337,0,3,3,0
41,75% Masked,71,213,284,376,0,3,3,0
42,75% Masked,75,243,318,427,0,3,3,0
43,75% Masked,84,272,356,485,1,4,5,0
44,75% Masked,95,304,399,548,1,5,6,0
45,75% Masked,106,336,442,609,1,5,6,0
46,75% Masked,116,365,481,668,1,6,7,0
47,75% Masked,125,402,527,741,1,7,8,0
48,75% Masked,139,450,589,828,1,7,8,0
49,75% Masked,155,490,645,922,2,9,11,0
50,75% Masked,179,534,713,1022,2,10,12,0
51,75% Masked,198,574,772,1121,3,10,13,0
52,75% Masked,219,603,822,1220,3,11,14,0
53,75% Masked,244,640,884,1326,4,13,17,0
54,75% Masked,258,675,933,1424,5,15,20,0
55,75% Masked,270,716,986,1537,5,16,21,0
56,75% Masked,292,734,1026,1643,6,17,23,0
57,75% Masked,306,753,1059,1751,7,19,26,0
58,75% Masked,324,779,1103,1867,7,21,28,0
59,75% Masked,365,816,1181,2004,8,22,30,0
60,75% Masked,391,815,1206,2115,8,25,33,0
61,75% Masked,401,803,1204,2213,9,26,35,0
62,75% Masked,416,797,1213,2310,10,28,38,0
63,75% Masked,429,773,1202,2396,11,29,40,0
64,75% Masked,434,746,1180,2483,12,31,43,0
65,75% Masked,462,726,1188,2589,13,32,45,0
66,75% Masked,474,683,1157,2675,14,35,49,0
67,75% Masked,476,664,1140,2755,14,36,50,0
68,75% Masked,482,614,1096,2823,15,37,52,0
69,75% Masked,464,578,1042,2887,17,39,56,0
70,75% Masked,461,545,1006,2945,18,40,58,0
71,75% Masked,462,510,972,3011,19,42,61,0
72,75% Masked,440,466,906,3065,19,42,61,0
73,75% Masked,419,416,835,3107,20,43,63,0
74,75% Masked,415,374,789,3150,21,44,65,0
75,75% Masked,402,330,732,3182,21,45,66,0
76,75% Masked,372,313,685,3211,22,45,67,0
77,75% Masked,354,282,636,3241,23,46,69,0
78,75% Masked,321,257,578,3263,23,46,69,0
79,75% Masked,289,231,520,3294,24,47,71,0
80,75% Masked,273,210,483,3317,24,47,71,0
1,50% Masked,3,7,10,10,0,0,0,0
2,50% Masked,3,9,12,12,0,0,0,0
3,50% Masked,4,12,16,16,0,0,0,0
4,50% Masked,5,15,20,20,0,0,0,0
5,50% Masked,6,24,30,30,0,0,0,0
6,50% Masked,8,33,41,42,0,0,0,0
7,50% Masked,8,41,49,50,0,0,0,0
8,50% Masked,9,57,66,69,0,0,0,0
9,50% Masked,14,74,88,92,0,0,0,0
10,50% Masked,15,95,110,119,0,0,0,0
11,50% Masked,16,130,146,162,0,1,1,0
12,50% Masked,26,175,201,220,0,1,1,0
13,50% Masked,30,242,272,294,0,2,2,0
14,50% Masked,40,310,350,388,0,2,2,0
15,50% Masked,47,410,457,507,0,3,3,0
16,50% Masked,57,552,609,672,0,4,4,0
17,50% Masked,78,720,798,886,0,6,6,0
18,50% Masked,113,923,1036,1151,0,8,8,0
19,50% Masked,133,1193,1326,1474,1,10,11,0
20,50% Masked,172,1451,1623,1814,1,13,14,0
21,50% Masked,222,1783,2005,2261,2,18,20,0
22,50% Masked,290,2140,2430,2745,2,21,23,0
23,50% Masked,369,2498,2867,3261,3,26,29,0
24,50% Masked,455,2844,3299,3790,4,32,36,0
25,50% Masked,541,3123,3664,4271,5,38,43,0
26,50% Masked,636,3333,3969,4718,7,44,51,0
27,50% Masked,719,3460,4179,5087,8,52,60,0
28,50% Masked,825,3499,4324,5407,9,58,67,0
29,50% Masked,932,3462,4394,5690,11,66,77,0
30,50% Masked,1022,3328,4350,5891,13,73,86,0
31,50% Masked,1081,3179,4260,6096,16,79,95,0
32,50% Masked,1131,2950,4081,6251,18,86,104,0
33,50% Masked,1175,2698,3873,6389,20,92,112,0
34,50% Masked,1178,2396,3574,6497,22,97,119,0
35,50% Masked,1157,2049,3206,6578,24,101,125,0
36,50% Masked,1138,1711,2849,6662,26,105,131,0
37,50% Masked,1097,1362,2459,6714,28,107,135,0
38,50% Masked,1043,1057,2100,6762,30,109,139,0
39,50% Masked,969,776,1745,6799,32,112,144,0
40,50% Masked,884,571,1455,6822,34,112,146,0
41,50% Masked,789,412,1201,6848,36,113,149,0
42,50% Masked,696,286,982,6861,36,113,149,0
43,50% Masked,601,214,815,6872,38,114,152,0
44,50% Masked,500,155,655,6879,39,114,153,0
45,50% Masked,425,106,531,6885,40,114,154,0
46,50% Masked,340,75,415,6889,41,114,155,0
47,50% Masked,281,46,327,6893,41,115,156,0
48,50% Masked,230,35,265,6895,42,115,157,0
49,50% Masked,176,21,197,6896,42,115,157,0
50,50% Masked,134,15,149,6897,43,115,158,0
51,50% Masked,98,11,109,6898,43,115,158,0
52,50% Masked,73,9,82,6898,43,115,158,0
53,50% Masked,56,6,62,6898,43,115,158,0
54,50% Masked,35,4,39,6899,43,115,158,0
55,50% Masked,26,2,28,6899,43,115,158,0
56,50% Masked,16,2,18,6899,43,115,158,0
57,50% Masked,12,1,13,6899,43,115,158,0
58,50% Masked,10,1,11,6899,43,115,158,0
59,50% Masked,8,0,8,6899,43,115,158,0
60,50% Masked,5,0,5,6899,43,115,158,0
61,50% Masked,4,0,4,6899,43,115,158,0
62,50% Masked,3,0,3,6899,43,115,158,0
63,50% Masked,2,0,2,6899,43,115,158,0
64,50% Masked,1,0,1,6899,43,115,158,0
65,50% Masked,1,0,1,6899,43,115,158,0
66,50% Masked,1,0,1,6899,43,115,158,0
67,50% Masked,0,0,0,6899,43,115,158,0
68,50% Masked,0,0,0,6899,43,115,158,0
69,50% Masked,0,0,0,6899,43,115,158,0
70,50% Masked,0,0,0,6899,43,115,158,0
71,50% Masked,0,0,0,6899,43,115,158,0
72,50% Masked,0,0,0,6899,43,115,158,0
73,50% Masked,0,0,0,6899,43,115,158,0
74,50% Masked,0,0,0,6899,43,115,158,0
75,50% Masked,0,0,0,6899,43,115,158,0
76,50% Masked,0,0,0,6899,43,115,158,0
77,50% Masked,0,0,0,6899,43,115,158,0
78,50% Masked,0,0,0,6899,43,115,158,0
79,50% Masked,0,0,0,6899,43,115,158,0
80,50% Masked,0,0,0,6899,43,115,158,0
1,1% vax rate,1,9,10,10,0,0,0,100
2,1% vax rate,1,15,16,16,0,0,0,200
3,1% vax rate,1,26,27,28,0,0,0,300
4,1% vax rate,1,43,44,47,0,0,0,400
5,1% vax rate,1,71,72,76,0,0,0,500
6,1% vax rate,2,104,106,115,0,0,0,600
7,1% vax rate,3,172,175,186,0,1,1,700
8,1% vax rate,3,286,289,307,0,1,1,800
9,1% vax rate,4,455,459,487,0,2,2,900
10,1% vax rate,4,701,705,752,0,4,4,1000
11,1% vax rate,6,1084,1090,1152,0,6,6,1100
12,1% vax rate,10,1637,1647,1740,0,9,9,1200
13,1% vax rate,15,2378,2393,2544,0,15,15,1300
14,1% vax rate,21,3316,3337,3559,0,21,21,1400
15,1% vax rate,32,4365,4397,4710,0,29,29,1500
16,1% vax rate,40,5334,5374,5803,0,40,40,1600
17,1% vax rate,51,6079,6130,6682,0,51,51,1700
18,1% vax rate,67,6429,6496,7208,0,64,64,1800
19,1% vax rate,85,6564,6649,7551,0,80,80,1900
20,1% vax rate,97,6511,6608,7705,1,94,95,2000
21,1% vax rate,107,6333,6440,7759,1,108,109,2100
22,1% vax rate,106,6086,6192,7772,1,120,121,2188
23,1% vax rate,104,5771,5875,7774,1,133,134,2217
24,1% vax rate,99,5342,5441,7774,1,143,144,2224
25,1% vax rate,92,4812,4904,7774,2,152,154,2225
26,1% vax rate,86,4108,4194,7774,2,160,162,2226
27,1% vax rate,80,3280,3360,7774,2,166,168,2226
28,1% vax rate,70,2349,2419,7774,2,170,172,2226
29,1% vax rate,59,1471,1530,7774,3,173,176,2226
30,1% vax rate,49,798,847,7774,3,175,178,2226
31,1% vax rate,34,402,436,7774,3,176,179,2226
32,1% vax rate,23,148,171,7774,3,176,179,2226
33,1% vax rate,11,45,56,7774,3,176,179,2226
34,1% vax rate,2,10,12,7774,3,176,179,2226
35,1% vax rate,0,1,1,7774,3,176,179,2226
36,1% vax rate,0,0,0,7774,3,176,179,2226
37,1% vax rate,0,0,0,7774,3,176,179,2226
38,1% vax rate,0,0,0,7774,3,176,179,2226
39,1% vax rate,0,0,0,7774,3,176,179,2226
40,1% vax rate,0,0,0,7774,3,176,179,2226
41,1% vax rate,0,0,0,7774,3,176,179,2226
42,1% vax rate,0,0,0,7774,3,176,179,2226
43,1% vax rate,0,0,0,7774,3,176,179,2226
44,1% vax rate,0,0,0,7774,3,176,179,2226
45,1% vax rate,0,0,0,7774,3,176,179,2226
46,1% vax rate,0,0,0,7774,3,176,179,2226
47,1% vax rate,0,0,0,7774,3,176,179,2226
48,1% vax rate,0,0,0,7774,3,176,179,2226
49,1% vax rate,0,0,0,7774,3,176,179,2226
50,1% vax rate,0,0,0,7774,3,176,179,2226
51,1% vax rate,0,0,0,7774,3,176,179,2226
52,1% vax rate,0,0,0,7774,3,176,179,2226
53,1% vax rate,0,0,0,7774,3,176,179,2226
54,1% vax rate,0,0,0,7774,3,176,179,2226
55,1% vax rate,0,0,0,7774,3,176,179,2226
56,1% vax rate,0,0,0,7774,3,176,179,2226
57,1% vax rate,0,0,0,7774,3,176,179,2226
58,1% vax rate,0,0,0,7774,3,176,179,2226
59,1% vax rate,0,0,0,7774,3,176,179,2226
60,1% vax rate,0,0,0,7774,3,176,179,2226
61,1% vax rate,0,0,0,7774,3,176,179,2226
62,1% vax rate,0,0,0,7774,3,176,179,2226
63,1% vax rate,0,0,0,7774,3,176,179,2226
64,1% vax rate,0,0,0,7774,3,176,179,2226
65,1% vax rate,0,0,0,7774,3,176,179,2226
66,1% vax rate,0,0,0,7774,3,176,179,2226
67,1% vax rate,0,0,0,7774,3,176,179,2226
68,1% vax rate,0,0,0,7774,3,176,179,2226
69,1% vax rate,0,0,0,7774,3,176,179,2226
70,1% vax rate,0,0,0,7774,3,176,179,2226
71,1% vax rate,0,0,0,7774,3,176,179,2226
72,1% vax rate,0,0,0,7774,3,176,179,2226
73,1% vax rate,0,0,0,7774,3,176,179,2226
74,1% vax rate,0,0,0,7774,3,176,179,2226
75,1% vax rate,0,0,0,7774,3,176,179,2226
76,1% vax rate,0,0,0,7774,3,176,179,2226
77,1% vax rate,0,0,0,7774,3,176,179,2226
78,1% vax rate,0,0,0,7774,3,176,179,2226
79,1% vax rate,0,0,0,7774,3,176,179,2226
80,1% vax rate,0,0,0,7774,3,176,179,2226
1,0.4% vax rate,0,9,9,10,0,0,0,40
2,0.4% vax rate,0,14,14,15,0,0,0,80
3,0.4% vax rate,0,26,26,28,0,0,0,120
4,0.4% vax rate,0,46,46,49,0,0,0,160
5,0.4% vax rate,0,80,80,85,0,0,0,200
6,0.4% vax rate,0,140,140,148,0,0,0,240
7,0.4% vax rate,0,235,235,244,0,0,0,280
8,0.4% vax rate,0,395,395,408,0,1,1,320
9,0.4% vax rate,0,667,667,690,0,2,2,360
10,0.4% vax rate,0,1088,1088,1135,0,4,4,400
11,0.4% vax rate,0,1758,1758,1847,0,8,8,440
12,0.4% vax rate,0,2710,2710,2846,0,13,13,480
13,0.4% vax rate,0,4000,4000,4209,0,20,20,520
14,0.4% vax rate,0,5500,5500,5820,0,31,31,560
15,0.4% vax rate,0,6860,6860,7322,0,44,44,600
16,0.4% vax rate,0,7738,7738,8370,0,60,60,640
17,0.4% vax rate,0,8135,8135,8942,0,76,76,680
18,0.4% vax rate,0,8196,8196,9178,0,91,91,720
19,0.4% vax rate,0,8036,8036,9235,0,107,107,753
20,0.4% vax rate,0,7822,7822,9245,0,122,122,755
21,0.4% vax rate,0,7554,7554,9245,0,136,136,755
22,0.4% vax rate,0,7192,7192,9245,0,150,150,755
23,0.4% vax rate,0,6718,6718,9245,0,162,162,755
24,0.4% vax rate,0,6044,6044,9245,0,175,175,755
25,0.4% vax rate,0,5157,5157,9245,0,187,187,755
26,0.4% vax rate,0,4011,4011,9245,0,196,196,755
27,0.4% vax rate,0,2719,2719,9245,0,201,201,755
28,0.4% vax rate,0,1512,1512,9245,0,204,204,755
29,0.4% vax rate,0,698,698,9245,0,206,206,755
30,0.4% vax rate,0,246,246,9245,0,206,206,755
31,0.4% vax rate,0,54,54,9245,0,206,206,755
32,0.4% vax rate,0,6,6,9245,0,206,206,755
33,0.4% vax rate,0,0,0,9245,0,206,206,755
34,0.4% vax rate,0,0,0,9245,0,206,206,755
35,0.4% vax rate,0,0,0,9245,0,206,206,755
36,0.4% vax rate,0,0,0,9245,0,206,206,755
37,0.4% vax rate,0,0,0,9245,0,206,206,755
38,0.4% vax rate,0,0,0,9245,0,206,206,755
39,0.4% vax rate,0,0,0,9245,0,206,206,755
40,0.4% vax rate,0,0,0,9245,0,206,206,755
41,0.4% vax rate,0,0,0,9245,0,206,206,755
42,0.4% vax rate,0,0,0,9245,0,206,206,755
43,0.4% vax rate,0,0,0,9245,0,206,206,755
44,0.4% vax rate,0,0,0,9245,0,206,206,755
45,0.4% vax rate,0,0,0,9245,0,206,206,755
46,0.4% vax rate,0,0,0,9245,0,206,206,755
47,0.4% vax rate,0,0,0,9245,0,206,206,755
48,0.4% vax rate,0,0,0,9245,0,206,206,755
49,0.4% vax rate,0,0,0,9245,0,206,206,755
50,0.4% vax rate,0,0,0,9245,0,206,206,755
51,0.4% vax rate,0,0,0,9245,0,206,206,755
52,0.4% vax rate,0,0,0,9245,0,206,206,755
53,0.4% vax rate,0,0,0,9245,0,206,206,755
54,0.4% vax rate,0,0,0,9245,0,206,206,755
55,0.4% vax rate,0,0,0,9245,0,206,206,755
56,0.4% vax rate,0,0,0,9245,0,206,206,755
57,0.4% vax rate,0,0,0,9245,0,206,206,755
58,0.4% vax rate,0,0,0,9245,0,206,206,755
59,0.4% vax rate,0,0,0,9245,0,206,206,755
60,0.4% vax rate,0,0,0,9245,0,206,206,755
61,0.4% vax rate,0,0,0,9245,0,206,206,755
62,0.4% vax rate,0,0,0,9245,0,206,206,755
63,0.4% vax rate,0,0,0,9245,0,206,206,755
64,0.4% vax rate,0,0,0,9245,0,206,206,755
65,0.4% vax rate,0,0,0,9245,0,206,206,755
66,0.4% vax rate,0,0,0,9245,0,206,206,755
67,0.4% vax rate,0,0,0,9245,0,206,206,755
68,0.4% vax rate,0,0,0,9245,0,206,206,755
69,0.4% vax rate,0,0,0,9245,0,206,206,755
70,0.4% vax rate,0,0,0,9245,0,206,206,755
71,0.4% vax rate,0,0,0,9245,0,206,206,755
72,0.4% vax rate,0,0,0,9245,0,206,206,755
73,0.4% vax rate,0,0,0,9245,0,206,206,755
74,0.4% vax rate,0,0,0,9245,0,206,206,755
75,0.4% vax rate,0,0,0,9245,0,206,206,755
76,0.4% vax rate,0,0,0,9245,0,206,206,755
77,0.4% vax rate,0,0,0,9245,0,206,206,755
78,0.4% vax rate,0,0,0,9245,0,206,206,755
79,0.4% vax rate,0,0,0,9245,0,206,206,755
80,0.4% vax rate,0,0,0,9245,0,206,206,755